dataset,metric,type,value,layer,temperature
sciq,ACC,baseline,0.8500000238418579,,
sciq,NLL,baseline,0.7912148237228394,,
sciq,ECE,baseline,0.12348352372646332,,
sciq,MCE,baseline,0.45299336314201355,,
medmcqa_med,ACC,baseline,0.550000011920929,,
medmcqa_med,NLL,baseline,1.290804147720337,,
medmcqa_med,ECE,baseline,0.1827898919582367,,
medmcqa_med,MCE,baseline,0.28773683309555054,,
obqa,ACC,baseline,0.7400000095367432,,
obqa,NLL,baseline,1.383838415145874,,
obqa,ECE,baseline,0.20185193419456482,,
obqa,MCE,baseline,0.4562843143939972,,
sciq,ACC,temp_sampling,0.8820000290870667,29.0,0.5
sciq,NLL,temp_sampling,0.29472699761390686,29.0,0.5
sciq,ECE,temp_sampling,0.03486594185233116,29.0,0.5
sciq,MCE,temp_sampling,0.37272435426712036,29.0,0.5
obqa,ACC,temp_sampling,0.7300000190734863,27.0,0.5
obqa,NLL,temp_sampling,0.6891939640045166,27.0,0.5
obqa,ECE,temp_sampling,0.05388321354985237,27.0,0.5
obqa,MCE,temp_sampling,0.2063901424407959,27.0,0.5
obqa,ACC,temp_sampling,0.7400000095367432,22.0,0.1
obqa,NLL,temp_sampling,0.646274209022522,22.0,0.1
obqa,ECE,temp_sampling,0.041212163865566254,22.0,0.1
obqa,MCE,temp_sampling,0.3714773952960968,22.0,0.1
obqa,ACC,temp_sampling,0.7360000014305115,29.0,0.7
obqa,NLL,temp_sampling,0.6509600877761841,29.0,0.7
obqa,ECE,temp_sampling,0.027440574020147324,29.0,0.7
obqa,MCE,temp_sampling,0.28969821333885193,29.0,0.7
medmcqa_med,ACC,temp_sampling,0.49399998784065247,24.0,0.5
medmcqa_med,NLL,temp_sampling,1.1870070695877075,24.0,0.5
medmcqa_med,ECE,temp_sampling,0.04130773991346359,24.0,0.5
medmcqa_med,MCE,temp_sampling,0.11340689659118652,24.0,0.5
sciq,ACC,temp_sampling,0.8799999952316284,27.0,0.7
sciq,NLL,temp_sampling,0.2879084348678589,27.0,0.7
sciq,ECE,temp_sampling,0.022662749513983727,27.0,0.7
sciq,MCE,temp_sampling,0.380474328994751,27.0,0.7
sciq,ACC,temp_sampling,0.8859999775886536,22.0,0.3
sciq,NLL,temp_sampling,0.29706987738609314,22.0,0.3
sciq,ECE,temp_sampling,0.021055353805422783,22.0,0.3
sciq,MCE,temp_sampling,0.11229255795478821,22.0,0.3
medmcqa_med,ACC,temp_sampling,0.4819999933242798,30.0,0.5
medmcqa_med,NLL,temp_sampling,1.1724672317504883,30.0,0.5
medmcqa_med,ECE,temp_sampling,0.026650583371520042,30.0,0.5
medmcqa_med,MCE,temp_sampling,0.08659923076629639,30.0,0.5
obqa,ACC,temp_sampling,0.7400000095367432,22.0,0.5
obqa,NLL,temp_sampling,0.646635115146637,22.0,0.5
obqa,ECE,temp_sampling,0.04674705117940903,22.0,0.5
obqa,MCE,temp_sampling,0.4618643522262573,22.0,0.5
obqa,ACC,temp_sampling,0.7300000190734863,27.0,0.1
obqa,NLL,temp_sampling,0.6857182383537292,27.0,0.1
obqa,ECE,temp_sampling,0.05596796050667763,27.0,0.1
obqa,MCE,temp_sampling,0.7043943405151367,27.0,0.1
sciq,ACC,temp_sampling,0.8840000033378601,25.0,1.0
sciq,NLL,temp_sampling,0.307650625705719,25.0,1.0
sciq,ECE,temp_sampling,0.032426197081804276,25.0,1.0
sciq,MCE,temp_sampling,0.36651086807250977,25.0,1.0
sciq,ACC,temp_sampling,0.8759999871253967,31.0,1.0
sciq,NLL,temp_sampling,0.3019864857196808,31.0,1.0
sciq,ECE,temp_sampling,0.02503136545419693,31.0,1.0
sciq,MCE,temp_sampling,0.3079516589641571,31.0,1.0
sciq,ACC,temp_sampling,0.8820000290870667,29.0,0.1
sciq,NLL,temp_sampling,0.29543325304985046,29.0,0.1
sciq,ECE,temp_sampling,0.028646253049373627,29.0,0.1
sciq,MCE,temp_sampling,0.3330824375152588,29.0,0.1
sciq,ACC,temp_sampling,0.8799999952316284,22.0,0.7
sciq,NLL,temp_sampling,0.29764524102211,22.0,0.7
sciq,ECE,temp_sampling,0.03022962063550949,22.0,0.7
sciq,MCE,temp_sampling,0.19283419847488403,22.0,0.7
sciq,ACC,temp_sampling,0.8820000290870667,27.0,0.3
sciq,NLL,temp_sampling,0.29034021496772766,27.0,0.3
sciq,ECE,temp_sampling,0.023957327008247375,27.0,0.3
sciq,MCE,temp_sampling,0.361278772354126,27.0,0.3
medmcqa_med,ACC,temp_sampling,0.48399999737739563,30.0,0.1
medmcqa_med,NLL,temp_sampling,1.1735985279083252,30.0,0.1
medmcqa_med,ECE,temp_sampling,0.039711274206638336,30.0,0.1
medmcqa_med,MCE,temp_sampling,0.10123109817504883,30.0,0.1
medmcqa_med,ACC,temp_sampling,0.46799999475479126,28.0,1.0
medmcqa_med,NLL,temp_sampling,1.1925767660140991,28.0,1.0
medmcqa_med,ECE,temp_sampling,0.04660627990961075,28.0,1.0
medmcqa_med,MCE,temp_sampling,0.220312237739563,28.0,1.0
obqa,ACC,temp_sampling,0.7379999756813049,29.0,0.3
obqa,NLL,temp_sampling,0.6502940654754639,29.0,0.3
obqa,ECE,temp_sampling,0.02356739714741707,29.0,0.3
obqa,MCE,temp_sampling,0.29361990094184875,29.0,0.3
medmcqa_med,ACC,temp_sampling,0.5019999742507935,24.0,0.1
medmcqa_med,NLL,temp_sampling,1.182808518409729,24.0,0.1
medmcqa_med,ECE,temp_sampling,0.06383077800273895,24.0,0.1
medmcqa_med,MCE,temp_sampling,0.13892900943756104,24.0,0.1
obqa,ACC,temp_sampling,0.7440000176429749,23.0,0.7
obqa,NLL,temp_sampling,0.6552068591117859,23.0,0.7
obqa,ECE,temp_sampling,0.02369260974228382,23.0,0.7
obqa,MCE,temp_sampling,0.2081124186515808,23.0,0.7
sciq,ACC,temp_sampling,0.8859999775886536,28.0,0.3
sciq,NLL,temp_sampling,0.2970695495605469,28.0,0.3
sciq,ECE,temp_sampling,0.016525238752365112,28.0,0.3
sciq,MCE,temp_sampling,0.1763467788696289,28.0,0.3
medmcqa_med,ACC,temp_sampling,0.5019999742507935,27.0,1.0
medmcqa_med,NLL,temp_sampling,1.1682900190353394,27.0,1.0
medmcqa_med,ECE,temp_sampling,0.0339716374874115,27.0,1.0
medmcqa_med,MCE,temp_sampling,0.055418968200683594,27.0,1.0
medmcqa_med,ACC,temp_sampling,0.492000013589859,31.0,0.3
medmcqa_med,NLL,temp_sampling,1.180250883102417,31.0,0.3
medmcqa_med,ECE,temp_sampling,0.06009955331683159,31.0,0.3
medmcqa_med,MCE,temp_sampling,0.1986370086669922,31.0,0.3
sciq,ACC,temp_sampling,0.8759999871253967,23.0,0.5
sciq,NLL,temp_sampling,0.3001572787761688,23.0,0.5
sciq,ECE,temp_sampling,0.02425413206219673,23.0,0.5
sciq,MCE,temp_sampling,0.105547696352005,23.0,0.5
sciq,ACC,temp_sampling,0.8840000033378601,26.0,0.1
sciq,NLL,temp_sampling,0.29677054286003113,26.0,0.1
sciq,ECE,temp_sampling,0.015633083879947662,26.0,0.1
sciq,MCE,temp_sampling,0.28517305850982666,26.0,0.1
obqa,ACC,temp_sampling,0.7279999852180481,24.0,1.0
obqa,NLL,temp_sampling,0.6773062348365784,24.0,1.0
obqa,ECE,temp_sampling,0.03634025901556015,24.0,1.0
obqa,MCE,temp_sampling,0.2979608476161957,24.0,1.0
medmcqa_med,ACC,temp_sampling,0.49799999594688416,25.0,0.3
medmcqa_med,NLL,temp_sampling,1.1708334684371948,25.0,0.3
medmcqa_med,ECE,temp_sampling,0.04308445379137993,25.0,0.3
medmcqa_med,MCE,temp_sampling,0.0857858657836914,25.0,0.3
obqa,ACC,temp_sampling,0.7360000014305115,28.0,0.1
obqa,NLL,temp_sampling,0.6525415778160095,28.0,0.1
obqa,ECE,temp_sampling,0.03217341750860214,28.0,0.1
obqa,MCE,temp_sampling,0.29087406396865845,28.0,0.1
obqa,ACC,temp_sampling,0.7440000176429749,30.0,1.0
obqa,NLL,temp_sampling,0.6517711281776428,30.0,1.0
obqa,ECE,temp_sampling,0.019707266241312027,30.0,1.0
obqa,MCE,temp_sampling,0.29012495279312134,30.0,1.0
sciq,ACC,temp_sampling,0.8859999775886536,28.0,0.7
sciq,NLL,temp_sampling,0.29884853959083557,28.0,0.7
sciq,ECE,temp_sampling,0.01707340031862259,28.0,0.7
sciq,MCE,temp_sampling,0.06804555654525757,28.0,0.7
medmcqa_med,ACC,temp_sampling,0.4880000054836273,22.0,1.0
medmcqa_med,NLL,temp_sampling,1.1889653205871582,22.0,1.0
medmcqa_med,ECE,temp_sampling,0.06254234910011292,22.0,1.0
medmcqa_med,MCE,temp_sampling,0.09486979246139526,22.0,1.0
obqa,ACC,temp_sampling,0.7480000257492065,26.0,0.7
obqa,NLL,temp_sampling,0.6430257558822632,26.0,0.7
obqa,ECE,temp_sampling,0.028580812737345695,26.0,0.7
obqa,MCE,temp_sampling,0.28183382749557495,26.0,0.7
obqa,ACC,temp_sampling,0.7400000095367432,23.0,0.3
obqa,NLL,temp_sampling,0.6600678563117981,23.0,0.3
obqa,ECE,temp_sampling,0.027158159762620926,23.0,0.3
obqa,MCE,temp_sampling,0.7120271921157837,23.0,0.3
medmcqa_med,ACC,temp_sampling,0.49000000953674316,25.0,0.7
medmcqa_med,NLL,temp_sampling,1.1774743795394897,25.0,0.7
medmcqa_med,ECE,temp_sampling,0.0506480447947979,25.0,0.7
medmcqa_med,MCE,temp_sampling,0.11588650941848755,25.0,0.7
obqa,ACC,temp_sampling,0.7379999756813049,28.0,0.5
obqa,NLL,temp_sampling,0.6522392630577087,28.0,0.5
obqa,ECE,temp_sampling,0.031120050698518753,28.0,0.5
obqa,MCE,temp_sampling,0.293079674243927,28.0,0.5
medmcqa_med,ACC,temp_sampling,0.47999998927116394,31.0,0.7
medmcqa_med,NLL,temp_sampling,1.1876068115234375,31.0,0.7
medmcqa_med,ECE,temp_sampling,0.06963780522346497,31.0,0.7
medmcqa_med,MCE,temp_sampling,0.23104232549667358,31.0,0.7
sciq,ACC,temp_sampling,0.8820000290870667,26.0,0.5
sciq,NLL,temp_sampling,0.2943635880947113,26.0,0.5
sciq,ECE,temp_sampling,0.02108711749315262,26.0,0.5
sciq,MCE,temp_sampling,0.33129414916038513,26.0,0.5
sciq,ACC,temp_sampling,0.878000020980835,23.0,0.1
sciq,NLL,temp_sampling,0.2986048460006714,23.0,0.1
sciq,ECE,temp_sampling,0.021211884915828705,23.0,0.1
sciq,MCE,temp_sampling,0.7220536470413208,23.0,0.1
obqa,ACC,temp_sampling,0.7419999837875366,30.0,0.7
obqa,NLL,temp_sampling,0.6523128747940063,30.0,0.7
obqa,ECE,temp_sampling,0.022286292165517807,30.0,0.7
obqa,MCE,temp_sampling,0.12072640657424927,30.0,0.7
medmcqa_med,ACC,temp_sampling,0.47600001096725464,29.0,0.5
medmcqa_med,NLL,temp_sampling,1.1767431497573853,29.0,0.5
medmcqa_med,ECE,temp_sampling,0.03529977798461914,29.0,0.5
medmcqa_med,MCE,temp_sampling,0.14768284559249878,29.0,0.5
obqa,ACC,temp_sampling,0.7360000014305115,24.0,0.7
obqa,NLL,temp_sampling,0.6745985150337219,24.0,0.7
obqa,ECE,temp_sampling,0.04082167521119118,24.0,0.7
obqa,MCE,temp_sampling,0.2980036735534668,24.0,0.7
sciq,ACC,temp_sampling,0.8880000114440918,30.0,0.5
sciq,NLL,temp_sampling,0.2973784804344177,30.0,0.5
sciq,ECE,temp_sampling,0.0167112834751606,30.0,0.5
sciq,MCE,temp_sampling,0.10947132110595703,30.0,0.5
medmcqa_med,ACC,temp_sampling,0.4880000054836273,22.0,0.3
medmcqa_med,NLL,temp_sampling,1.1754728555679321,22.0,0.3
medmcqa_med,ECE,temp_sampling,0.04917564615607262,22.0,0.3
medmcqa_med,MCE,temp_sampling,0.07693630456924438,22.0,0.3
medmcqa_med,ACC,temp_sampling,0.49399998784065247,27.0,0.7
medmcqa_med,NLL,temp_sampling,1.174912452697754,27.0,0.7
medmcqa_med,ECE,temp_sampling,0.053359683603048325,27.0,0.7
medmcqa_med,MCE,temp_sampling,0.07677218317985535,27.0,0.7
sciq,ACC,temp_sampling,0.8859999775886536,24.0,0.5
sciq,NLL,temp_sampling,0.29703375697135925,24.0,0.5
sciq,ECE,temp_sampling,0.01964348927140236,24.0,0.5
sciq,MCE,temp_sampling,0.26894888281822205,24.0,0.5
obqa,ACC,temp_sampling,0.734000027179718,23.0,1.0
obqa,NLL,temp_sampling,0.6777875423431396,23.0,1.0
obqa,ECE,temp_sampling,0.026559442281723022,23.0,1.0
obqa,MCE,temp_sampling,0.2943343222141266,23.0,1.0
medmcqa_med,ACC,temp_sampling,0.47600001096725464,29.0,0.1
medmcqa_med,NLL,temp_sampling,1.1770908832550049,29.0,0.1
medmcqa_med,ECE,temp_sampling,0.030559828504920006,29.0,0.1
medmcqa_med,MCE,temp_sampling,0.1391679048538208,29.0,0.1
medmcqa_med,ACC,temp_sampling,0.46000000834465027,31.0,1.0
medmcqa_med,NLL,temp_sampling,1.2138274908065796,31.0,1.0
medmcqa_med,ECE,temp_sampling,0.06246235594153404,31.0,1.0
medmcqa_med,MCE,temp_sampling,0.18343442678451538,31.0,1.0
obqa,ACC,temp_sampling,0.7379999756813049,24.0,0.3
obqa,NLL,temp_sampling,0.6705067753791809,24.0,0.3
obqa,ECE,temp_sampling,0.051650162786245346,24.0,0.3
obqa,MCE,temp_sampling,0.28005531430244446,24.0,0.3
medmcqa_med,ACC,temp_sampling,0.4959999918937683,25.0,1.0
medmcqa_med,NLL,temp_sampling,1.169820785522461,25.0,1.0
medmcqa_med,ECE,temp_sampling,0.0493144616484642,25.0,1.0
medmcqa_med,MCE,temp_sampling,0.09121829271316528,25.0,1.0
obqa,ACC,temp_sampling,0.7400000095367432,30.0,0.3
obqa,NLL,temp_sampling,0.6514164209365845,30.0,0.3
obqa,ECE,temp_sampling,0.028280336409807205,30.0,0.3
obqa,MCE,temp_sampling,0.28574979305267334,30.0,0.3
obqa,ACC,temp_sampling,0.7459999918937683,26.0,1.0
obqa,NLL,temp_sampling,0.6455344557762146,26.0,1.0
obqa,ECE,temp_sampling,0.036533422768116,26.0,1.0
obqa,MCE,temp_sampling,0.2859579026699066,26.0,1.0
sciq,ACC,temp_sampling,0.8840000033378601,24.0,0.1
sciq,NLL,temp_sampling,0.2943936884403229,24.0,0.1
sciq,ECE,temp_sampling,0.015533464029431343,24.0,0.1
sciq,MCE,temp_sampling,0.34610700607299805,24.0,0.1
sciq,ACC,temp_sampling,0.8859999775886536,28.0,1.0
sciq,NLL,temp_sampling,0.2999613285064697,28.0,1.0
sciq,ECE,temp_sampling,0.017658954486250877,28.0,1.0
sciq,MCE,temp_sampling,0.34988757967948914,28.0,1.0
sciq,ACC,temp_sampling,0.8840000033378601,30.0,0.1
sciq,NLL,temp_sampling,0.29631882905960083,30.0,0.1
sciq,ECE,temp_sampling,0.02281186915934086,30.0,0.1
sciq,MCE,temp_sampling,0.30100393295288086,30.0,0.1
medmcqa_med,ACC,temp_sampling,0.49799999594688416,27.0,0.3
medmcqa_med,NLL,temp_sampling,1.1754971742630005,27.0,0.3
medmcqa_med,ECE,temp_sampling,0.05379693582653999,27.0,0.3
medmcqa_med,MCE,temp_sampling,0.08617579936981201,27.0,0.3
medmcqa_med,ACC,temp_sampling,0.4779999852180481,22.0,0.7
medmcqa_med,NLL,temp_sampling,1.1858667135238647,22.0,0.7
medmcqa_med,ECE,temp_sampling,0.04802810400724411,22.0,0.7
medmcqa_med,MCE,temp_sampling,0.1452488899230957,22.0,0.7
sciq,ACC,temp_sampling,0.8820000290870667,27.0,1.0
sciq,NLL,temp_sampling,0.29140689969062805,27.0,1.0
sciq,ECE,temp_sampling,0.02341734617948532,27.0,1.0
sciq,MCE,temp_sampling,0.3450625240802765,27.0,1.0
obqa,ACC,temp_sampling,0.7319999933242798,25.0,0.1
obqa,NLL,temp_sampling,0.6720981597900391,25.0,0.1
obqa,ECE,temp_sampling,0.05647019296884537,25.0,0.1
obqa,MCE,temp_sampling,0.2950502336025238,25.0,0.1
medmcqa_med,ACC,temp_sampling,0.48399999737739563,28.0,0.3
medmcqa_med,NLL,temp_sampling,1.1923738718032837,28.0,0.3
medmcqa_med,ECE,temp_sampling,0.05158765986561775,28.0,0.3
medmcqa_med,MCE,temp_sampling,0.18670833110809326,28.0,0.3
obqa,ACC,temp_sampling,0.734000027179718,31.0,0.1
obqa,NLL,temp_sampling,0.6557545065879822,31.0,0.1
obqa,ECE,temp_sampling,0.03733722120523453,31.0,0.1
obqa,MCE,temp_sampling,0.14803826808929443,31.0,0.1
obqa,ACC,temp_sampling,0.7360000014305115,29.0,1.0
obqa,NLL,temp_sampling,0.6508694887161255,29.0,1.0
obqa,ECE,temp_sampling,0.02964932657778263,29.0,1.0
obqa,MCE,temp_sampling,0.2906554639339447,29.0,1.0
sciq,ACC,temp_sampling,0.8840000033378601,25.0,0.3
sciq,NLL,temp_sampling,0.30753087997436523,25.0,0.3
sciq,ECE,temp_sampling,0.022828321903944016,25.0,0.3
sciq,MCE,temp_sampling,0.16471801698207855,25.0,0.3
medmcqa_med,ACC,temp_sampling,0.4819999933242798,26.0,0.1
medmcqa_med,NLL,temp_sampling,1.1791939735412598,26.0,0.1
medmcqa_med,ECE,temp_sampling,0.03167124465107918,26.0,0.1
medmcqa_med,MCE,temp_sampling,0.06372380256652832,26.0,0.1
medmcqa_med,ACC,temp_sampling,0.4779999852180481,23.0,0.5
medmcqa_med,NLL,temp_sampling,1.1763107776641846,23.0,0.5
medmcqa_med,ECE,temp_sampling,0.05383913591504097,23.0,0.5
medmcqa_med,MCE,temp_sampling,0.11883242428302765,23.0,0.5
sciq,ACC,temp_sampling,0.8799999952316284,31.0,0.3
sciq,NLL,temp_sampling,0.2974238991737366,31.0,0.3
sciq,ECE,temp_sampling,0.026793353259563446,31.0,0.3
sciq,MCE,temp_sampling,0.3349056839942932,31.0,0.3
obqa,ACC,temp_sampling,0.7179999947547913,31.0,0.5
obqa,NLL,temp_sampling,0.6617874503135681,31.0,0.5
obqa,ECE,temp_sampling,0.04023484140634537,31.0,0.5
obqa,MCE,temp_sampling,0.11444389820098877,31.0,0.5
obqa,ACC,temp_sampling,0.734000027179718,25.0,0.5
obqa,NLL,temp_sampling,0.6714895367622375,25.0,0.5
obqa,ECE,temp_sampling,0.05531737953424454,25.0,0.5
obqa,MCE,temp_sampling,0.29231131076812744,25.0,0.5
sciq,ACC,temp_sampling,0.8859999775886536,22.0,1.0
sciq,NLL,temp_sampling,0.31090211868286133,22.0,1.0
sciq,ECE,temp_sampling,0.035413116216659546,22.0,1.0
sciq,MCE,temp_sampling,0.33965516090393066,22.0,1.0
medmcqa_med,ACC,temp_sampling,0.46000000834465027,28.0,0.7
medmcqa_med,NLL,temp_sampling,1.2036982774734497,28.0,0.7
medmcqa_med,ECE,temp_sampling,0.036455027759075165,28.0,0.7
medmcqa_med,MCE,temp_sampling,0.18335109949111938,28.0,0.7
medmcqa_med,ACC,temp_sampling,0.48399999737739563,23.0,0.1
medmcqa_med,NLL,temp_sampling,1.176978588104248,23.0,0.1
medmcqa_med,ECE,temp_sampling,0.05733036249876022,23.0,0.1
medmcqa_med,MCE,temp_sampling,0.1601879894733429,23.0,0.1
medmcqa_med,ACC,temp_sampling,0.4779999852180481,26.0,0.5
medmcqa_med,NLL,temp_sampling,1.1800233125686646,26.0,0.5
medmcqa_med,ECE,temp_sampling,0.04643920809030533,26.0,0.5
medmcqa_med,MCE,temp_sampling,0.12379211187362671,26.0,0.5
sciq,ACC,temp_sampling,0.878000020980835,31.0,0.7
sciq,NLL,temp_sampling,0.3004312217235565,31.0,0.7
sciq,ECE,temp_sampling,0.03183047100901604,31.0,0.7
sciq,MCE,temp_sampling,0.3230080306529999,31.0,0.7
sciq,ACC,temp_sampling,0.8820000290870667,25.0,0.7
sciq,NLL,temp_sampling,0.3101118803024292,25.0,0.7
sciq,ECE,temp_sampling,0.024978427216410637,25.0,0.7
sciq,MCE,temp_sampling,0.3624502718448639,25.0,0.7
obqa,ACC,temp_sampling,0.7419999837875366,30.0,0.5
obqa,NLL,temp_sampling,0.6487318873405457,30.0,0.5
obqa,ECE,temp_sampling,0.0293258223682642,30.0,0.5
obqa,MCE,temp_sampling,0.2901579737663269,30.0,0.5
obqa,ACC,temp_sampling,0.7360000014305115,24.0,0.5
obqa,NLL,temp_sampling,0.6741471886634827,24.0,0.5
obqa,ECE,temp_sampling,0.0499768927693367,24.0,0.5
obqa,MCE,temp_sampling,0.7057985663414001,24.0,0.5
sciq,ACC,temp_sampling,0.8740000128746033,23.0,1.0
sciq,NLL,temp_sampling,0.3043287396430969,23.0,1.0
sciq,ECE,temp_sampling,0.02656392753124237,23.0,1.0
sciq,MCE,temp_sampling,0.29490941762924194,23.0,1.0
medmcqa_med,ACC,temp_sampling,0.47600001096725464,29.0,0.7
medmcqa_med,NLL,temp_sampling,1.177463173866272,29.0,0.7
medmcqa_med,ECE,temp_sampling,0.0297640822827816,29.0,0.7
medmcqa_med,MCE,temp_sampling,0.10607630014419556,29.0,0.7
medmcqa_med,ACC,temp_sampling,0.4860000014305115,22.0,0.1
medmcqa_med,NLL,temp_sampling,1.17750084400177,22.0,0.1
medmcqa_med,ECE,temp_sampling,0.0406978540122509,22.0,0.1
medmcqa_med,MCE,temp_sampling,0.09744250774383545,22.0,0.1
medmcqa_med,ACC,temp_sampling,0.49799999594688416,27.0,0.5
medmcqa_med,NLL,temp_sampling,1.1778069734573364,27.0,0.5
medmcqa_med,ECE,temp_sampling,0.05519077554345131,27.0,0.5
medmcqa_med,MCE,temp_sampling,0.10452944040298462,27.0,0.5
sciq,ACC,temp_sampling,0.8880000114440918,30.0,0.7
sciq,NLL,temp_sampling,0.296905517578125,30.0,0.7
sciq,ECE,temp_sampling,0.01913735456764698,30.0,0.7
sciq,MCE,temp_sampling,0.12949728965759277,30.0,0.7
sciq,ACC,temp_sampling,0.8859999775886536,24.0,0.7
sciq,NLL,temp_sampling,0.29640498757362366,24.0,0.7
sciq,ECE,temp_sampling,0.01885528676211834,24.0,0.7
sciq,MCE,temp_sampling,0.34907087683677673,24.0,0.7
obqa,ACC,temp_sampling,0.7379999756813049,24.0,0.1
obqa,NLL,temp_sampling,0.6709023118019104,24.0,0.1
obqa,ECE,temp_sampling,0.04158293455839157,24.0,0.1
obqa,MCE,temp_sampling,0.11956626176834106,24.0,0.1
sciq,ACC,temp_sampling,0.8880000114440918,26.0,1.0
sciq,NLL,temp_sampling,0.29629090428352356,26.0,1.0
sciq,ECE,temp_sampling,0.013470693491399288,26.0,1.0
sciq,MCE,temp_sampling,0.3254789412021637,26.0,1.0
medmcqa_med,ACC,temp_sampling,0.47999998927116394,29.0,0.3
medmcqa_med,NLL,temp_sampling,1.1773899793624878,29.0,0.3
medmcqa_med,ECE,temp_sampling,0.030576344579458237,29.0,0.3
medmcqa_med,MCE,temp_sampling,0.1231374740600586,29.0,0.3
obqa,ACC,temp_sampling,0.7379999756813049,30.0,0.1
obqa,NLL,temp_sampling,0.6510075330734253,30.0,0.1
obqa,ECE,temp_sampling,0.027094870805740356,30.0,0.1
obqa,MCE,temp_sampling,0.29305681586265564,30.0,0.1
obqa,ACC,temp_sampling,0.7400000095367432,28.0,1.0
obqa,NLL,temp_sampling,0.6527580618858337,28.0,1.0
obqa,ECE,temp_sampling,0.0343896709382534,28.0,1.0
obqa,MCE,temp_sampling,0.28360843658447266,28.0,1.0
sciq,ACC,temp_sampling,0.8880000114440918,24.0,0.3
sciq,NLL,temp_sampling,0.29762524366378784,24.0,0.3
sciq,ECE,temp_sampling,0.017254237085580826,24.0,0.3
sciq,MCE,temp_sampling,0.3456123173236847,24.0,0.3
medmcqa_med,ACC,temp_sampling,0.49399998784065247,27.0,0.1
medmcqa_med,NLL,temp_sampling,1.175709843635559,27.0,0.1
medmcqa_med,ECE,temp_sampling,0.05890584737062454,27.0,0.1
medmcqa_med,MCE,temp_sampling,0.104084312915802,27.0,0.1
medmcqa_med,ACC,temp_sampling,0.4959999918937683,22.0,0.5
medmcqa_med,NLL,temp_sampling,1.1804382801055908,22.0,0.5
medmcqa_med,ECE,temp_sampling,0.0455637201666832,22.0,0.5
medmcqa_med,MCE,temp_sampling,0.09665858745574951,22.0,0.5
sciq,ACC,temp_sampling,0.8840000033378601,30.0,0.3
sciq,NLL,temp_sampling,0.2960934042930603,30.0,0.3
sciq,ECE,temp_sampling,0.020614655688405037,30.0,0.3
sciq,MCE,temp_sampling,0.3754376173019409,30.0,0.3
medmcqa_med,ACC,temp_sampling,0.4819999933242798,28.0,0.1
medmcqa_med,NLL,temp_sampling,1.18919837474823,28.0,0.1
medmcqa_med,ECE,temp_sampling,0.04647819325327873,28.0,0.1
medmcqa_med,MCE,temp_sampling,0.15433990955352783,28.0,0.1
medmcqa_med,ACC,temp_sampling,0.47600001096725464,30.0,1.0
medmcqa_med,NLL,temp_sampling,1.1766732931137085,30.0,1.0
medmcqa_med,ECE,temp_sampling,0.03690569847822189,30.0,1.0
medmcqa_med,MCE,temp_sampling,0.07774698734283447,30.0,1.0
medmcqa_med,ACC,temp_sampling,0.492000013589859,24.0,1.0
medmcqa_med,NLL,temp_sampling,1.185180902481079,24.0,1.0
medmcqa_med,ECE,temp_sampling,0.04333453252911568,24.0,1.0
medmcqa_med,MCE,temp_sampling,0.11601854860782623,24.0,1.0
obqa,ACC,temp_sampling,0.7300000190734863,31.0,0.3
obqa,NLL,temp_sampling,0.6571394205093384,31.0,0.3
obqa,ECE,temp_sampling,0.029353855177760124,31.0,0.3
obqa,MCE,temp_sampling,0.14729422330856323,31.0,0.3
sciq,ACC,temp_sampling,0.8840000033378601,25.0,0.1
sciq,NLL,temp_sampling,0.305387020111084,25.0,0.1
sciq,ECE,temp_sampling,0.028802912682294846,25.0,0.1
sciq,MCE,temp_sampling,0.2781403064727783,25.0,0.1
obqa,ACC,temp_sampling,0.7300000190734863,27.0,1.0
obqa,NLL,temp_sampling,0.6873399615287781,27.0,1.0
obqa,ECE,temp_sampling,0.05215364322066307,27.0,1.0
obqa,MCE,temp_sampling,0.701059103012085,27.0,1.0
sciq,ACC,temp_sampling,0.8820000290870667,29.0,1.0
sciq,NLL,temp_sampling,0.29710569977760315,29.0,1.0
sciq,ECE,temp_sampling,0.02884797751903534,29.0,1.0
sciq,MCE,temp_sampling,0.2725692689418793,29.0,1.0
sciq,ACC,temp_sampling,0.878000020980835,31.0,0.1
sciq,NLL,temp_sampling,0.29890820384025574,31.0,0.1
sciq,ECE,temp_sampling,0.023083163425326347,31.0,0.1
sciq,MCE,temp_sampling,0.331890732049942,31.0,0.1
medmcqa_med,ACC,temp_sampling,0.47200000286102295,26.0,0.3
medmcqa_med,NLL,temp_sampling,1.1799516677856445,26.0,0.3
medmcqa_med,ECE,temp_sampling,0.0410405658185482,26.0,0.3
medmcqa_med,MCE,temp_sampling,0.13421630859375,26.0,0.3
medmcqa_med,ACC,temp_sampling,0.4699999988079071,23.0,0.7
medmcqa_med,NLL,temp_sampling,1.1796780824661255,23.0,0.7
medmcqa_med,ECE,temp_sampling,0.02982245571911335,23.0,0.7
medmcqa_med,MCE,temp_sampling,0.11599598824977875,23.0,0.7
obqa,ACC,temp_sampling,0.7279999852180481,31.0,0.7
obqa,NLL,temp_sampling,0.661778450012207,31.0,0.7
obqa,ECE,temp_sampling,0.04085425287485123,31.0,0.7
obqa,MCE,temp_sampling,0.15164560079574585,31.0,0.7
medmcqa_med,ACC,temp_sampling,0.47999998927116394,28.0,0.5
medmcqa_med,NLL,temp_sampling,1.199607253074646,28.0,0.5
medmcqa_med,ECE,temp_sampling,0.05051572248339653,28.0,0.5
medmcqa_med,MCE,temp_sampling,0.13387596607208252,28.0,0.5
obqa,ACC,temp_sampling,0.7300000190734863,25.0,0.7
obqa,NLL,temp_sampling,0.6832794547080994,25.0,0.7
obqa,ECE,temp_sampling,0.06442039459943771,25.0,0.7
obqa,MCE,temp_sampling,0.20411264896392822,25.0,0.7
sciq,ACC,temp_sampling,0.8759999871253967,31.0,0.5
sciq,NLL,temp_sampling,0.2999165952205658,31.0,0.5
sciq,ECE,temp_sampling,0.022134941071271896,31.0,0.5
sciq,MCE,temp_sampling,0.36290624737739563,31.0,0.5
medmcqa_med,ACC,temp_sampling,0.4819999933242798,23.0,0.3
medmcqa_med,NLL,temp_sampling,1.1779217720031738,23.0,0.3
medmcqa_med,ECE,temp_sampling,0.05137452483177185,23.0,0.3
medmcqa_med,MCE,temp_sampling,0.1476370245218277,23.0,0.3
medmcqa_med,ACC,temp_sampling,0.4659999907016754,26.0,0.7
medmcqa_med,NLL,temp_sampling,1.183234453201294,26.0,0.7
medmcqa_med,ECE,temp_sampling,0.04982383921742439,26.0,0.7
medmcqa_med,MCE,temp_sampling,0.1652490496635437,26.0,0.7
sciq,ACC,temp_sampling,0.8820000290870667,25.0,0.5
sciq,NLL,temp_sampling,0.30760374665260315,25.0,0.5
sciq,ECE,temp_sampling,0.02592998370528221,25.0,0.5
sciq,MCE,temp_sampling,0.35287636518478394,25.0,0.5
obqa,ACC,temp_sampling,0.722000002861023,22.0,1.0
obqa,NLL,temp_sampling,0.661205530166626,22.0,1.0
obqa,ECE,temp_sampling,0.041969604790210724,22.0,1.0
obqa,MCE,temp_sampling,0.14435988664627075,22.0,1.0
sciq,ACC,temp_sampling,0.8859999775886536,29.0,0.7
sciq,NLL,temp_sampling,0.2954600155353546,29.0,0.7
sciq,ECE,temp_sampling,0.02128405123949051,29.0,0.7
sciq,MCE,temp_sampling,0.17022627592086792,29.0,0.7
medmcqa_med,ACC,temp_sampling,0.47999998927116394,23.0,1.0
medmcqa_med,NLL,temp_sampling,1.1811096668243408,23.0,1.0
medmcqa_med,ECE,temp_sampling,0.01625092513859272,23.0,1.0
medmcqa_med,MCE,temp_sampling,0.09690994024276733,23.0,1.0
obqa,ACC,temp_sampling,0.7379999756813049,27.0,0.7
obqa,NLL,temp_sampling,0.6913243532180786,27.0,0.7
obqa,ECE,temp_sampling,0.0507214330136776,27.0,0.7
obqa,MCE,temp_sampling,0.11994069814682007,27.0,0.7
obqa,ACC,temp_sampling,0.7319999933242798,22.0,0.3
obqa,NLL,temp_sampling,0.6485878229141235,22.0,0.3
obqa,ECE,temp_sampling,0.051932379603385925,22.0,0.3
obqa,MCE,temp_sampling,0.7168684005737305,22.0,0.3
medmcqa_med,ACC,temp_sampling,0.49000000953674316,24.0,0.7
medmcqa_med,NLL,temp_sampling,1.1873811483383179,24.0,0.7
medmcqa_med,ECE,temp_sampling,0.06431497633457184,24.0,0.7
medmcqa_med,MCE,temp_sampling,0.07658535242080688,24.0,0.7
obqa,ACC,temp_sampling,0.734000027179718,29.0,0.5
obqa,NLL,temp_sampling,0.6514517664909363,29.0,0.5
obqa,ECE,temp_sampling,0.031195303425192833,29.0,0.5
obqa,MCE,temp_sampling,0.2905609607696533,29.0,0.5
medmcqa_med,ACC,temp_sampling,0.4779999852180481,30.0,0.7
medmcqa_med,NLL,temp_sampling,1.1743559837341309,30.0,0.7
medmcqa_med,ECE,temp_sampling,0.04420795664191246,30.0,0.7
medmcqa_med,MCE,temp_sampling,0.12247639894485474,30.0,0.7
sciq,ACC,temp_sampling,0.8799999952316284,27.0,0.5
sciq,NLL,temp_sampling,0.29045018553733826,27.0,0.5
sciq,ECE,temp_sampling,0.018768025562167168,27.0,0.5
sciq,MCE,temp_sampling,0.3198045492172241,27.0,0.5
sciq,ACC,temp_sampling,0.8820000290870667,22.0,0.1
sciq,NLL,temp_sampling,0.2956734597682953,22.0,0.1
sciq,ECE,temp_sampling,0.0312582366168499,22.0,0.1
sciq,MCE,temp_sampling,0.32578927278518677,22.0,0.1
obqa,ACC,temp_sampling,0.7260000109672546,22.0,0.7
obqa,NLL,temp_sampling,0.654569149017334,22.0,0.7
obqa,ECE,temp_sampling,0.052060339599847794,22.0,0.7
obqa,MCE,temp_sampling,0.7166025638580322,22.0,0.7
obqa,ACC,temp_sampling,0.7379999756813049,27.0,0.3
obqa,NLL,temp_sampling,0.6861556768417358,27.0,0.3
obqa,ECE,temp_sampling,0.04555372893810272,27.0,0.3
obqa,MCE,temp_sampling,0.29741615056991577,27.0,0.3
sciq,ACC,temp_sampling,0.8840000033378601,29.0,0.3
sciq,NLL,temp_sampling,0.29545482993125916,29.0,0.3
sciq,ECE,temp_sampling,0.03126463666558266,29.0,0.3
sciq,MCE,temp_sampling,0.2418912798166275,29.0,0.3
medmcqa_med,ACC,temp_sampling,0.47600001096725464,26.0,1.0
medmcqa_med,NLL,temp_sampling,1.1838513612747192,26.0,1.0
medmcqa_med,ECE,temp_sampling,0.042327769100666046,26.0,1.0
medmcqa_med,MCE,temp_sampling,0.07460260391235352,26.0,1.0
medmcqa_med,ACC,temp_sampling,0.4819999933242798,30.0,0.3
medmcqa_med,NLL,temp_sampling,1.1736201047897339,30.0,0.3
medmcqa_med,ECE,temp_sampling,0.045491792261600494,30.0,0.3
medmcqa_med,MCE,temp_sampling,0.1043548583984375,30.0,0.3
sciq,ACC,temp_sampling,0.8859999775886536,22.0,0.5
sciq,NLL,temp_sampling,0.3015845715999603,22.0,0.5
sciq,ECE,temp_sampling,0.025921575725078583,22.0,0.5
sciq,MCE,temp_sampling,0.3352302014827728,22.0,0.5
obqa,ACC,temp_sampling,0.7319999933242798,25.0,1.0
obqa,NLL,temp_sampling,0.6882959008216858,25.0,1.0
obqa,ECE,temp_sampling,0.06291773170232773,25.0,1.0
obqa,MCE,temp_sampling,0.7119929194450378,25.0,1.0
sciq,ACC,temp_sampling,0.8820000290870667,27.0,0.1
sciq,NLL,temp_sampling,0.2909058928489685,27.0,0.1
sciq,ECE,temp_sampling,0.021933794021606445,27.0,0.1
sciq,MCE,temp_sampling,0.3496279716491699,27.0,0.1
medmcqa_med,ACC,temp_sampling,0.5019999742507935,24.0,0.3
medmcqa_med,NLL,temp_sampling,1.1845160722732544,24.0,0.3
medmcqa_med,ECE,temp_sampling,0.07701431214809418,24.0,0.3
medmcqa_med,MCE,temp_sampling,0.15994060039520264,24.0,0.3
obqa,ACC,temp_sampling,0.7379999756813049,29.0,0.1
obqa,NLL,temp_sampling,0.6507713198661804,29.0,0.1
obqa,ECE,temp_sampling,0.025788359344005585,29.0,0.1
obqa,MCE,temp_sampling,0.29429328441619873,29.0,0.1
obqa,ACC,temp_sampling,0.7120000123977661,31.0,1.0
obqa,NLL,temp_sampling,0.6719935536384583,31.0,1.0
obqa,ECE,temp_sampling,0.04093894362449646,31.0,1.0
obqa,MCE,temp_sampling,0.11371374130249023,31.0,1.0
obqa,ACC,temp_sampling,0.734000027179718,23.0,0.5
obqa,NLL,temp_sampling,0.6581893563270569,23.0,0.5
obqa,ECE,temp_sampling,0.027957357466220856,23.0,0.5
obqa,MCE,temp_sampling,0.2895338535308838,23.0,0.5
sciq,ACC,temp_sampling,0.8759999871253967,24.0,1.0
sciq,NLL,temp_sampling,0.30477115511894226,24.0,1.0
sciq,ECE,temp_sampling,0.026246938854455948,24.0,1.0
sciq,MCE,temp_sampling,0.2836073338985443,24.0,1.0
obqa,ACC,temp_sampling,0.7440000176429749,26.0,0.1
obqa,NLL,temp_sampling,0.6475419402122498,26.0,0.1
obqa,ECE,temp_sampling,0.030278347432613373,26.0,0.1
obqa,MCE,temp_sampling,0.11514866352081299,26.0,0.1
sciq,ACC,temp_sampling,0.8840000033378601,30.0,1.0
sciq,NLL,temp_sampling,0.2959887683391571,30.0,1.0
sciq,ECE,temp_sampling,0.030536383390426636,30.0,1.0
sciq,MCE,temp_sampling,0.46551331877708435,30.0,1.0
sciq,ACC,temp_sampling,0.8859999775886536,28.0,0.1
sciq,NLL,temp_sampling,0.29761600494384766,28.0,0.1
sciq,ECE,temp_sampling,0.017716839909553528,28.0,0.1
sciq,MCE,temp_sampling,0.20697364211082458,28.0,0.1
sciq,ACC,temp_sampling,0.8659999966621399,23.0,0.7
sciq,NLL,temp_sampling,0.3012658655643463,23.0,0.7
sciq,ECE,temp_sampling,0.02168172225356102,23.0,0.7
sciq,MCE,temp_sampling,0.356661856174469,23.0,0.7
sciq,ACC,temp_sampling,0.8859999775886536,26.0,0.3
sciq,NLL,temp_sampling,0.29663434624671936,26.0,0.3
sciq,ECE,temp_sampling,0.0181441530585289,26.0,0.3
sciq,MCE,temp_sampling,0.28908953070640564,26.0,0.3
medmcqa_med,ACC,temp_sampling,0.49399998784065247,31.0,0.1
medmcqa_med,NLL,temp_sampling,1.1787980794906616,31.0,0.1
medmcqa_med,ECE,temp_sampling,0.06297021359205246,31.0,0.1
medmcqa_med,MCE,temp_sampling,0.25967520475387573,31.0,0.1
medmcqa_med,ACC,temp_sampling,0.4779999852180481,29.0,1.0
medmcqa_med,NLL,temp_sampling,1.1815422773361206,29.0,1.0
medmcqa_med,ECE,temp_sampling,0.04402961581945419,29.0,1.0
medmcqa_med,MCE,temp_sampling,0.13101166486740112,29.0,1.0
obqa,ACC,temp_sampling,0.7379999756813049,28.0,0.3
obqa,NLL,temp_sampling,0.6523470282554626,28.0,0.3
obqa,ECE,temp_sampling,0.03134814649820328,28.0,0.3
obqa,MCE,temp_sampling,0.2867954969406128,28.0,0.3
medmcqa_med,ACC,temp_sampling,0.49799999594688416,25.0,0.1
medmcqa_med,NLL,temp_sampling,1.1705622673034668,25.0,0.1
medmcqa_med,ECE,temp_sampling,0.04437481611967087,25.0,0.1
medmcqa_med,MCE,temp_sampling,0.06513571739196777,25.0,0.1
sciq,ACC,temp_sampling,0.8859999775886536,28.0,0.5
sciq,NLL,temp_sampling,0.2974720299243927,28.0,0.5
sciq,ECE,temp_sampling,0.021243562921881676,28.0,0.5
sciq,MCE,temp_sampling,0.10304141044616699,28.0,0.5
obqa,ACC,temp_sampling,0.75,26.0,0.5
obqa,NLL,temp_sampling,0.6452441811561584,26.0,0.5
obqa,ECE,temp_sampling,0.035482440143823624,26.0,0.5
obqa,MCE,temp_sampling,0.2780904769897461,26.0,0.5
obqa,ACC,temp_sampling,0.7360000014305115,23.0,0.1
obqa,NLL,temp_sampling,0.6565454602241516,23.0,0.1
obqa,ECE,temp_sampling,0.03116343542933464,23.0,0.1
obqa,MCE,temp_sampling,0.29242363572120667,23.0,0.1
obqa,ACC,temp_sampling,0.7379999756813049,28.0,0.7
obqa,NLL,temp_sampling,0.6529796123504639,28.0,0.7
obqa,ECE,temp_sampling,0.028961118310689926,28.0,0.7
obqa,MCE,temp_sampling,0.281181275844574,28.0,0.7
medmcqa_med,ACC,temp_sampling,0.4959999918937683,25.0,0.5
medmcqa_med,NLL,temp_sampling,1.1725417375564575,25.0,0.5
medmcqa_med,ECE,temp_sampling,0.057632703334093094,25.0,0.5
medmcqa_med,MCE,temp_sampling,0.12082576751708984,25.0,0.5
sciq,ACC,temp_sampling,0.8840000033378601,26.0,0.7
sciq,NLL,temp_sampling,0.2928323447704315,26.0,0.7
sciq,ECE,temp_sampling,0.01668303646147251,26.0,0.7
sciq,MCE,temp_sampling,0.3337348699569702,26.0,0.7
sciq,ACC,temp_sampling,0.8820000290870667,23.0,0.3
sciq,NLL,temp_sampling,0.29780665040016174,23.0,0.3
sciq,ECE,temp_sampling,0.014506777748465538,23.0,0.3
sciq,MCE,temp_sampling,0.28843167424201965,23.0,0.3
medmcqa_med,ACC,temp_sampling,0.5059999823570251,31.0,0.5
medmcqa_med,NLL,temp_sampling,1.183631420135498,31.0,0.5
medmcqa_med,ECE,temp_sampling,0.08002618700265884,31.0,0.5
medmcqa_med,MCE,temp_sampling,0.16352665424346924,31.0,0.5
